"text","favorited","favoriteCount","replyToSN","created","truncated","replyToSID","id","replyToUID","statusSource","screenName","retweetCount","isRetweet","retweeted","longitude","latitude"
"Music Meets Art. My exclusive concert experience with @americanexpress and @Shantell_Martin Tomorrow. Miami.… https://t.co/3E3vfy49lV",FALSE,5469,NA,2016-11-30 22:52:48,TRUE,NA,"804095864130142208",NA,"<a href=""http://twitter.com"" rel=""nofollow"">Twitter Web Client</a>","kendricklamar",1325,FALSE,FALSE,NA,NA
"@VSattenXXL https://t.co/kpSk0zamJO",FALSE,179,"VSattenXXL",2016-11-16 15:44:26,FALSE,"798695187358760960","798914633339781120","16098380","<a href=""http://twitter.com/download/iphone"" rel=""nofollow"">Twitter for iPhone</a>","kendricklamar",60,FALSE,FALSE,NA,NA
"#LilSunnyTour #TDE https://t.co/671ca9NZ5s",FALSE,3065,NA,2016-10-24 19:06:22,FALSE,NA,"790630531029270528",NA,"<a href=""https://about.twitter.com/products/tweetdeck"" rel=""nofollow"">TweetDeck</a>","kendricklamar",1115,FALSE,FALSE,NA,NA
"Look. https://t.co/Z6x9VRifW8",FALSE,3323,NA,2016-10-07 00:21:24,FALSE,NA,"784186831055138816",NA,"<a href=""http://twitter.com"" rel=""nofollow"">Twitter Web Client</a>","kendricklamar",1295,FALSE,FALSE,NA,NA
"https://t.co/cXU0aDNnAl",FALSE,4647,NA,2016-10-03 01:51:16,FALSE,NA,"782759892993978368",NA,"<a href=""http://twitter.com/download/iphone"" rel=""nofollow"">Twitter for iPhone</a>","kendricklamar",2265,FALSE,FALSE,NA,NA
"Pimp pimp! available now. https://t.co/uooPMbe3Qe https://t.co/TqR7hpamh0",FALSE,3932,NA,2016-09-27 22:06:15,FALSE,NA,"780891327496015872",NA,"<a href=""http://twitter.com"" rel=""nofollow"">Twitter Web Client</a>","kendricklamar",1328,FALSE,FALSE,NA,NA
"Blonde and Endless. Encore to Frank.",FALSE,47975,NA,2016-08-24 02:17:17,FALSE,NA,"768270925645029376",NA,"<a href=""http://twitter.com/download/iphone"" rel=""nofollow"">Twitter for iPhone</a>","kendricklamar",23699,FALSE,FALSE,NA,NA
"Isaiah Copper. Go young man! Go!https://t.co/pWzlKnxFKs",FALSE,3043,NA,2016-07-24 16:11:02,FALSE,NA,"757246722179526657",NA,"<a href=""http://twitter.com/download/iphone"" rel=""nofollow"">Twitter for iPhone</a>","kendricklamar",1052,FALSE,FALSE,NA,NA
"#BlankFaceLP https://t.co/KrV7Rwjz6X",FALSE,5787,NA,2016-07-08 03:12:48,FALSE,NA,"751252670313172992",NA,"<a href=""http://twitter.com"" rel=""nofollow"">Twitter Web Client</a>","kendricklamar",3509,FALSE,FALSE,NA,NA
"tune in https://t.co/IxoEMyLOPG @WhiteHouse 645PM EST",FALSE,2133,NA,2016-07-04 22:45:29,FALSE,NA,"750098231325888512",NA,"<a href=""http://twitter.com"" rel=""nofollow"">Twitter Web Client</a>","kendricklamar",1046,FALSE,FALSE,NA,NA
"London. 7/2 @BSTHydePark
https://t.co/0gVYPdS18g https://t.co/mEcFS4pSDO",FALSE,5537,NA,2016-06-25 17:08:25,FALSE,NA,"746751915522826240",NA,"<a href=""http://www.echofon.com/"" rel=""nofollow"">Echofon</a>","kendricklamar",1653,FALSE,FALSE,NA,NA
". @skiiiwalker ?",FALSE,6417,NA,2016-05-11 20:20:15,FALSE,NA,"730492738030862336",NA,"<a href=""https://about.twitter.com/products/tweetdeck"" rel=""nofollow"">TweetDeck</a>","kendricklamar",4447,FALSE,FALSE,NA,NA
"@Luxxkjr gmoms food it is...",FALSE,485,"Luxxkjr",2016-05-01 18:16:22,FALSE,"726836155614814208","726837685336166400","428557525","<a href=""http://twitter.com/download/iphone"" rel=""nofollow"">Twitter for iPhone</a>","kendricklamar",105,FALSE,FALSE,NA,NA
"@Luxxkjr u must got a few dollas on you. Steak and lobster. Let me hold somethin.",FALSE,535,"Luxxkjr",2016-05-01 06:16:25,FALSE,"726653527523651584","726656500735705088","428557525","<a href=""http://twitter.com/download/iphone"" rel=""nofollow"">Twitter for iPhone</a>","kendricklamar",158,FALSE,FALSE,NA,NA
"No pressure. THE GREAT ONE. @kobebryant . Thank you for the journey champ.",FALSE,39013,NA,2016-04-14 05:06:17,FALSE,NA,"720478259096461313",NA,"<a href=""http://twitter.com/download/iphone"" rel=""nofollow"">Twitter for iPhone</a>","kendricklamar",24534,FALSE,FALSE,NA,NA
".@JCrossover https://t.co/MEupLv6p32",FALSE,2502,NA,2016-04-12 23:45:27,FALSE,NA,"720035132753596416",NA,"<a href=""http://twitter.com"" rel=""nofollow"">Twitter Web Client</a>","kendricklamar",821,FALSE,FALSE,NA,NA
"https://t.co/o711uZ7bBJ ....super.",FALSE,2562,NA,2016-04-06 17:59:58,FALSE,NA,"717773861689819136",NA,"<a href=""http://twitter.com/download/iphone"" rel=""nofollow"">Twitter for iPhone</a>","kendricklamar",993,FALSE,FALSE,NA,NA
"Miles Ahead by the incredible @IamDonCheadle. Must see.",FALSE,3813,NA,2016-04-06 17:57:08,FALSE,NA,"717773146594480128",NA,"<a href=""http://twitter.com/download/iphone"" rel=""nofollow"">Twitter for iPhone</a>","kendricklamar",1106,FALSE,FALSE,NA,NA
"Q season.",FALSE,24274,NA,2016-04-05 04:16:40,FALSE,NA,"717204280965533696",NA,"<a href=""http://twitter.com/download/iphone"" rel=""nofollow"">Twitter for iPhone</a>","kendricklamar",18145,FALSE,FALSE,NA,NA
"Wow.",FALSE,26918,NA,2016-04-05 03:28:30,FALSE,NA,"717192158751498241",NA,"<a href=""http://twitter.com/download/iphone"" rel=""nofollow"">Twitter for iPhone</a>","kendricklamar",22410,FALSE,FALSE,NA,NA
"@Royceda59 never fails.",FALSE,1901,"Royceda59",2016-03-29 04:47:14,FALSE,"714674565226577920","714675257236434945","18220386","<a href=""http://twitter.com/download/iphone"" rel=""nofollow"">Twitter for iPhone</a>","kendricklamar",1262,FALSE,FALSE,NA,NA
"https://t.co/mHzihGiP9Q",FALSE,5272,NA,2016-03-29 04:42:56,FALSE,NA,"714674177635192832",NA,"<a href=""http://twitter.com/download/iphone"" rel=""nofollow"">Twitter for iPhone</a>","kendricklamar",2284,FALSE,FALSE,NA,NA
"#untitledunmastered in stores now + all digital formats. https://t.co/u6c0OnuqiI https://t.co/wcXdwzIzIX",FALSE,4982,NA,2016-03-22 18:39:19,FALSE,NA,"712347945387950081",NA,"<a href=""http://twitter.com"" rel=""nofollow"">Twitter Web Client</a>","kendricklamar",1795,FALSE,FALSE,NA,NA
"#untitledunmastered Autographed Vinyl &amp; CDs Available Now https://t.co/7KGwbb7NBp",FALSE,3401,NA,2016-03-10 23:27:53,FALSE,NA,"708071911167668224",NA,"<a href=""http://twitter.com"" rel=""nofollow"">Twitter Web Client</a>","kendricklamar",1224,FALSE,FALSE,NA,NA
"Final Winner #8. https://t.co/ZW6gOozgZn #untitledlyrics",FALSE,1327,NA,2016-03-10 01:33:43,FALSE,NA,"707741188275568644",NA,"<a href=""http://twitter.com"" rel=""nofollow"">Twitter Web Client</a>","kendricklamar",285,FALSE,FALSE,NA,NA
"Question #8: Who’s misleading? #untitledlyrics",FALSE,2712,NA,2016-03-10 01:16:29,FALSE,NA,"707736853286232065",NA,"<a href=""http://twitter.com"" rel=""nofollow"">Twitter Web Client</a>","kendricklamar",885,FALSE,FALSE,NA,NA
"Winner #7. *must use hashtag #untitledlyrics https://t.co/SWWpAb47Gq",FALSE,1465,NA,2016-03-10 01:11:42,FALSE,NA,"707735649143533568",NA,"<a href=""http://twitter.com"" rel=""nofollow"">Twitter Web Client</a>","kendricklamar",349,FALSE,FALSE,NA,NA
"Question #7: What’s on the dashboard? #untitledlyrics",FALSE,1968,NA,2016-03-10 01:06:09,FALSE,NA,"707734252356382721",NA,"<a href=""http://twitter.com"" rel=""nofollow"">Twitter Web Client</a>","kendricklamar",665,FALSE,FALSE,NA,NA
"Winner #6. *must use hashtag #untitledlyrics https://t.co/g4IcT5YbK2",FALSE,1139,NA,2016-03-10 01:05:33,FALSE,NA,"707734102770749440",NA,"<a href=""http://twitter.com"" rel=""nofollow"">Twitter Web Client</a>","kendricklamar",294,FALSE,FALSE,NA,NA
"Question #6: What do I ride in? #untitledlyrics",FALSE,1929,NA,2016-03-10 01:00:55,FALSE,NA,"707732937190416384",NA,"<a href=""http://twitter.com"" rel=""nofollow"">Twitter Web Client</a>","kendricklamar",595,FALSE,FALSE,NA,NA
"Winner #5. *must use hashtag #untitledlyrics  https://t.co/tsmz43Y5mW",FALSE,1143,NA,2016-03-10 01:00:18,FALSE,NA,"707732781065834497",NA,"<a href=""http://twitter.com"" rel=""nofollow"">Twitter Web Client</a>","kendricklamar",316,FALSE,FALSE,NA,NA
"Question #5: Why do they go wrong? #untitledlyrics",FALSE,1982,NA,2016-03-10 00:54:42,FALSE,NA,"707731370609520640",NA,"<a href=""http://twitter.com"" rel=""nofollow"">Twitter Web Client</a>","kendricklamar",755,FALSE,FALSE,NA,NA
"Winner #4. *must use hashtag #untitledlyrics https://t.co/X3aUrIG5EC",FALSE,1183,NA,2016-03-10 00:54:06,FALSE,NA,"707731218566029312",NA,"<a href=""http://twitter.com"" rel=""nofollow"">Twitter Web Client</a>","kendricklamar",328,FALSE,FALSE,NA,NA
"Question #4: Who’s on the Intro to untitled 01?",FALSE,2110,NA,2016-03-10 00:46:08,FALSE,NA,"707729213021757440",NA,"<a href=""http://twitter.com"" rel=""nofollow"">Twitter Web Client</a>","kendricklamar",654,FALSE,FALSE,NA,NA
"Winner #3. *must use hashtag #untitledlyrics https://t.co/b6ibYxEdM3",FALSE,1282,NA,2016-03-10 00:45:29,FALSE,NA,"707729050219905029",NA,"<a href=""http://twitter.com"" rel=""nofollow"">Twitter Web Client</a>","kendricklamar",355,FALSE,FALSE,NA,NA
"Question #3: What did Kendrick confess? #untitledlyrics",FALSE,2355,NA,2016-03-10 00:39:24,FALSE,NA,"707727522532724737",NA,"<a href=""http://twitter.com"" rel=""nofollow"">Twitter Web Client</a>","kendricklamar",788,FALSE,FALSE,NA,NA
"Winner #2. *must use hashtag #untitledlyrics  https://t.co/FF0ZjXH59X",FALSE,1602,NA,2016-03-10 00:38:27,FALSE,NA,"707727282173902848",NA,"<a href=""http://twitter.com"" rel=""nofollow"">Twitter Web Client</a>","kendricklamar",537,FALSE,FALSE,NA,NA
"Question #2: What is power? #untitledlyrics",FALSE,3421,NA,2016-03-10 00:27:17,FALSE,NA,"707724471151366145",NA,"<a href=""http://twitter.com"" rel=""nofollow"">Twitter Web Client</a>","kendricklamar",1471,FALSE,FALSE,NA,NA
"Winner #1. *must use hashtag #untitledlyrics  https://t.co/G2BhhA87VB",FALSE,1689,NA,2016-03-10 00:26:25,FALSE,NA,"707724252179353601",NA,"<a href=""http://twitter.com"" rel=""nofollow"">Twitter Web Client</a>","kendricklamar",430,FALSE,FALSE,NA,NA
"Question #1: Who’s evenly odd? #untitledlyrics",FALSE,5018,NA,2016-03-10 00:00:17,FALSE,NA,"707717676202758144",NA,"<a href=""http://twitter.com"" rel=""nofollow"">Twitter Web Client</a>","kendricklamar",2028,FALSE,FALSE,NA,NA
". #untitledlyrics https://t.co/Bfxxfhekb9",FALSE,13453,NA,2016-03-09 03:17:20,FALSE,NA,"707404876599283715",NA,"<a href=""http://twitter.com"" rel=""nofollow"">Twitter Web Client</a>","kendricklamar",6263,FALSE,FALSE,NA,NA
"untitled 05 | 09.21.2014. https://t.co/kWLvhF7l5J",FALSE,16047,NA,2016-03-07 22:47:03,FALSE,NA,"706974471932891136",NA,"<a href=""http://twitter.com"" rel=""nofollow"">Twitter Web Client</a>","kendricklamar",9874,FALSE,FALSE,NA,NA
"untitled 08 | 09.06.2014. https://t.co/zCsu4rvKvo",FALSE,28454,NA,2016-03-07 02:47:46,FALSE,NA,"706672660063727616",NA,"<a href=""http://twitter.com"" rel=""nofollow"">Twitter Web Client</a>","kendricklamar",21095,FALSE,FALSE,NA,NA
"https://t.co/Q2PuBx8y2b",FALSE,6957,NA,2016-03-06 03:09:16,FALSE,NA,"706315683768893440",NA,"<a href=""http://www.echofon.com/"" rel=""nofollow"">Echofon</a>","kendricklamar",3020,FALSE,FALSE,NA,NA
"untitled 03 | 05.28.2013. https://t.co/7iq3ovo6Ka",FALSE,31697,NA,2016-03-06 00:07:55,FALSE,NA,"706270048143306753",NA,"<a href=""http://twitter.com"" rel=""nofollow"">Twitter Web Client</a>","kendricklamar",23540,FALSE,FALSE,NA,NA
"Demos from To Pimp A Butterfly. In Raw Form. Unfinished. Untitled. Unmastered. https://t.co/YlAszcK4e4",FALSE,22152,NA,2016-03-04 17:50:41,FALSE,NA,"705812724563849216",NA,"<a href=""http://www.echofon.com/"" rel=""nofollow"">Echofon</a>","kendricklamar",12985,FALSE,FALSE,NA,NA
"untitled unmastered. https://t.co/YlAszcK4e4",FALSE,74829,NA,2016-03-04 04:05:59,FALSE,NA,"705605181182849028",NA,"<a href=""http://twitter.com"" rel=""nofollow"">Twitter Web Client</a>","kendricklamar",77076,FALSE,FALSE,NA,NA
"Congrats to family @BJTHECHICAGOKID on his debut. https://t.co/K6QCBFFEPe From the ground up champ!",FALSE,4092,NA,2016-02-23 18:24:05,FALSE,NA,"702197251184046080",NA,"<a href=""http://twitter.com/download/iphone"" rel=""nofollow"">Twitter for iPhone</a>","kendricklamar",1590,FALSE,FALSE,NA,NA
"Compton. https://t.co/RRVoam3xSn",FALSE,20910,NA,2016-02-13 03:04:55,FALSE,NA,"698342058075955201",NA,"<a href=""http://twitter.com"" rel=""nofollow"">Twitter Web Client</a>","kendricklamar",9557,FALSE,FALSE,NA,NA
"Wait. Last one. 100 https://t.co/g7ZOvOF8Zr",FALSE,6054,NA,2016-02-08 22:33:41,FALSE,NA,"696824248673787904",NA,"<a href=""http://twitter.com/download/iphone"" rel=""nofollow"">Twitter for iPhone</a>","kendricklamar",3267,FALSE,FALSE,NA,NA
"Last one. Dedicated to my Ese homie baby whisper. Somebody get this cat his own show. 100. https://t.co/MAAV9z0xMh",FALSE,4870,NA,2016-02-08 22:24:16,FALSE,NA,"696821876971016192",NA,"<a href=""http://twitter.com/download/iphone"" rel=""nofollow"">Twitter for iPhone</a>","kendricklamar",2582,FALSE,FALSE,NA,NA
"Whoever this guy is, is funny. Lol https://t.co/1B2NAmWLsY",FALSE,6745,NA,2016-02-08 21:15:42,FALSE,NA,"696804621017178112",NA,"<a href=""http://twitter.com/download/iphone"" rel=""nofollow"">Twitter for iPhone</a>","kendricklamar",3441,FALSE,FALSE,NA,NA
"Congrats to @annathewise https://t.co/nW7ya7leGZ",FALSE,2659,NA,2016-02-03 20:38:55,FALSE,NA,"694983425019654144",NA,"<a href=""http://twitter.com/download/iphone"" rel=""nofollow"">Twitter for iPhone</a>","kendricklamar",833,FALSE,FALSE,NA,NA
"TO PIMP A BUTTERFLY. https://t.co/jaMCXJpucg",FALSE,6937,NA,2016-01-26 00:43:44,FALSE,NA,"691783544855740416",NA,"<a href=""http://twitter.com"" rel=""nofollow"">Twitter Web Client</a>","kendricklamar",2934,FALSE,FALSE,NA,NA
"MLK 4EVER.",FALSE,29465,NA,2016-01-18 23:32:12,FALSE,NA,"689228828477030400",NA,"<a href=""http://twitter.com/download/iphone"" rel=""nofollow"">Twitter for iPhone</a>","kendricklamar",19874,FALSE,FALSE,NA,NA
"https://t.co/WWRIasuImt Please Do.",FALSE,3604,NA,2016-01-15 22:14:24,FALSE,NA,"688122083943944192",NA,"<a href=""http://twitter.com/download/iphone"" rel=""nofollow"">Twitter for iPhone</a>","kendricklamar",1770,FALSE,FALSE,NA,NA
"@KamasiW @robertglasper when did yall make a connection with the music of  @herbiehancock ?",FALSE,408,"KamasiW",2016-01-15 02:53:27,FALSE,"687827657510158340","687829923776446464","385619175","<a href=""http://twitter.com/download/iphone"" rel=""nofollow"">Twitter for iPhone</a>","kendricklamar",115,FALSE,FALSE,NA,NA
"@robertglasper who are some of the jazz musicians that inspired you?",FALSE,505,"robertglasper",2016-01-15 02:33:42,FALSE,"687824304923344896","687824951269720066","154953218","<a href=""http://twitter.com/download/iphone"" rel=""nofollow"">Twitter for iPhone</a>","kendricklamar",170,FALSE,FALSE,NA,NA
"@robertglasper @KamasiW @terracemartin @SounwaveTDE from my fans with luv. What is jazz fusion?",FALSE,550,"robertglasper",2016-01-15 02:00:03,FALSE,NA,"687816485297733632","154953218","<a href=""http://twitter.com/download/iphone"" rel=""nofollow"">Twitter for iPhone</a>","kendricklamar",221,FALSE,FALSE,NA,NA
"classic leather. 1/16 https://t.co/YvDBTmGZQO",FALSE,3266,NA,2016-01-15 01:05:27,FALSE,NA,"687802742073524224",NA,"<a href=""http://twitter.com"" rel=""nofollow"">Twitter Web Client</a>","kendricklamar",1976,FALSE,FALSE,NA,NA
"@AjaLBrown I appreciate that. HUBLUV.",FALSE,808,"AjaLBrown",2016-01-14 19:14:24,FALSE,"687665481143037952","687714400363384832","1173297636","<a href=""http://twitter.com/download/iphone"" rel=""nofollow"">Twitter for iPhone</a>","kendricklamar",282,FALSE,FALSE,NA,NA
"pay it forward. https://t.co/SdZAcYTljj",FALSE,10552,NA,2016-01-12 00:51:58,FALSE,NA,"686712188816375809",NA,"<a href=""http://twitter.com"" rel=""nofollow"">Twitter Web Client</a>","kendricklamar",7373,FALSE,FALSE,NA,NA
"What a honor, what a soul. David Bowie, Spirit of Gold. RIP.",FALSE,24478,NA,2016-01-11 17:03:13,FALSE,NA,"686594223005515777",NA,"<a href=""http://twitter.com/download/iphone"" rel=""nofollow"">Twitter for iPhone</a>","kendricklamar",12064,FALSE,FALSE,NA,NA
"Hoping 2 meet u after we heard the news. At Brock's house watchin your Doc's &amp; interviews. But no lens could ever capture your point of view",FALSE,7052,NA,2016-01-11 17:01:18,FALSE,NA,"686593741168050176",NA,"<a href=""http://twitter.com/download/iphone"" rel=""nofollow"">Twitter for iPhone</a>","kendricklamar",2581,FALSE,FALSE,NA,NA
"https://t.co/sK0nmjZpdd",FALSE,1415,NA,2016-01-08 22:30:35,FALSE,NA,"685589441570705408",NA,"<a href=""http://twitter.com/download/iphone"" rel=""nofollow"">Twitter for iPhone</a>","kendricklamar",479,FALSE,FALSE,NA,NA
"I love women. And your inspiring woman on a daily. You did it the honest way. From the ground up. I respect it all. Congrats. @KarenCivil",FALSE,5726,"KarenCivil",2016-01-08 22:29:12,FALSE,"663224388926488576","685589095217680384","16490974","<a href=""http://twitter.com/download/iphone"" rel=""nofollow"">Twitter for iPhone</a>","kendricklamar",2188,FALSE,FALSE,NA,NA
"God Is Gangsta. https://t.co/e2qrnOOoZF",FALSE,11373,NA,2015-12-31 12:03:03,FALSE,NA,"682532416783777792",NA,"<a href=""http://twitter.com"" rel=""nofollow"">Twitter Web Client</a>","kendricklamar",9972,FALSE,FALSE,NA,NA
"pull up. RAIN OR SHINE. 12P https://t.co/ZwQYoUBwWZ",FALSE,3916,NA,2015-12-22 19:19:16,FALSE,NA,"679380704946290688",NA,"<a href=""http://www.echofon.com/"" rel=""nofollow"">Echofon</a>","kendricklamar",1512,FALSE,FALSE,NA,NA
"Ayyyeeee #VoteForZoe https://t.co/pyV5wzU0sE",FALSE,741,NA,2015-12-16 19:44:59,FALSE,NA,"677212849026940928",NA,"<a href=""http://twitter.com/download/iphone"" rel=""nofollow"">Twitter for iPhone</a>","kendricklamar",298,FALSE,FALSE,NA,NA
". https://t.co/BjfkiJD3jh https://t.co/pU4M0vs0tS",FALSE,8796,NA,2015-12-16 01:22:37,FALSE,NA,"676935429715845121",NA,"<a href=""http://twitter.com"" rel=""nofollow"">Twitter Web Client</a>","kendricklamar",5585,FALSE,FALSE,NA,NA
"Everybody wish TopDawg @dangerookipawaa a happy bday. The Last nigga to smoke but the first one to poke. Old young nigga.",FALSE,3085,NA,2015-04-20 19:13:53,FALSE,NA,"590231934917214208",NA,"<a href=""http://twitter.com/download/iphone"" rel=""nofollow"">Twitter for iPhone</a>","kendricklamar",1168,FALSE,FALSE,NA,NA
"I love Yall. K.I.G. Love.",FALSE,8092,NA,2015-04-16 00:52:26,FALSE,NA,"588505193874006016",NA,"<a href=""http://twitter.com/download/iphone"" rel=""nofollow"">Twitter for iPhone</a>","kendricklamar",3585,FALSE,FALSE,NA,NA
"@TariqElmadawy for free.",FALSE,1655,"TariqElmadawy",2015-04-16 00:26:07,FALSE,"588496421730406401","588498568064802818","442250733","<a href=""http://twitter.com/download/iphone"" rel=""nofollow"">Twitter for iPhone</a>","kendricklamar",661,FALSE,FALSE,NA,NA
"@PrettyChic_ its interesting",FALSE,396,"PrettyChic_",2015-04-16 00:24:57,FALSE,NA,"588498278141964288","39369230","<a href=""http://twitter.com/download/iphone"" rel=""nofollow"">Twitter for iPhone</a>","kendricklamar",96,FALSE,FALSE,NA,NA
"@nathanujeyaaah God willing. Soon enuff.",FALSE,1151,"nathanujeyaaah",2015-04-16 00:13:27,FALSE,"588493417400901632","588495380528041984","2936464823","<a href=""http://twitter.com/download/iphone"" rel=""nofollow"">Twitter for iPhone</a>","kendricklamar",447,FALSE,FALSE,NA,NA
"@michelleypoo722 Looking forward to it.",FALSE,829,"michelleypoo722",2015-04-16 00:09:52,FALSE,"588492386575077376","588494480216489984","1192403742","<a href=""http://twitter.com/download/iphone"" rel=""nofollow"">Twitter for iPhone</a>","kendricklamar",182,FALSE,FALSE,NA,NA
"@cube_chedas iceberg slim",FALSE,574,"cube_chedas",2015-04-16 00:07:05,FALSE,"588491398103625728","588493781139259392","1413092515","<a href=""http://twitter.com/download/iphone"" rel=""nofollow"">Twitter for iPhone</a>","kendricklamar",212,FALSE,FALSE,NA,NA
"@RichDeviant earl sweatshirt.",FALSE,9706,"RichDeviant",2015-04-16 00:03:34,FALSE,"588491381594697729","588492896363352064","2433640177","<a href=""http://twitter.com/download/iphone"" rel=""nofollow"">Twitter for iPhone</a>","kendricklamar",8808,FALSE,FALSE,NA,NA
"@themightykojak spirits while writing. The good ones helped the completion.",FALSE,707,"themightykojak",2015-04-16 00:02:22,FALSE,"588490416774742016","588492594428006400","2906862974","<a href=""http://twitter.com/download/iphone"" rel=""nofollow"">Twitter for iPhone</a>","kendricklamar",293,FALSE,FALSE,NA,NA
"@MoeJamul 1 of the most influential artist of this generation and still hungry.",FALSE,1672,"iHeartMoeJamul",2015-04-15 23:55:45,FALSE,"588487923424604160","588490926323929088","411395400","<a href=""http://twitter.com/download/iphone"" rel=""nofollow"">Twitter for iPhone</a>","kendricklamar",1206,FALSE,FALSE,NA,NA
"Aye.",FALSE,15275,NA,2015-04-15 23:43:58,FALSE,NA,"588487963043966976",NA,"<a href=""http://twitter.com/download/iphone"" rel=""nofollow"">Twitter for iPhone</a>","kendricklamar",12891,FALSE,FALSE,NA,NA
"TO PIMP A BUTTERFLY. http://t.co/jaMCXJpucg …",FALSE,2645,NA,2015-04-14 19:07:45,FALSE,NA,"588056062516932609",NA,"<a href=""http://twitter.com"" rel=""nofollow"">Twitter Web Client</a>","kendricklamar",1505,FALSE,FALSE,NA,NA
"https://t.co/MsYGz1Ycao",FALSE,3262,NA,2015-04-11 02:27:39,FALSE,NA,"586717216172679168",NA,"<a href=""http://twitter.com"" rel=""nofollow"">Twitter Web Client</a>","kendricklamar",2262,FALSE,FALSE,NA,NA
"King Kunta Video. LA. Downtown LA LIVE billboard. 6PM.",FALSE,8052,NA,2015-04-01 23:39:41,FALSE,NA,"583413455593410560",NA,"<a href=""http://twitter.com"" rel=""nofollow"">Twitter Web Client</a>","kendricklamar",4560,FALSE,FALSE,NA,NA
"King Kunta Video. NYC. Beats Billboard. 46th and Broadway. 6PM.",FALSE,7688,NA,2015-04-01 21:33:21,FALSE,NA,"583381662043521024",NA,"<a href=""http://twitter.com/download/iphone"" rel=""nofollow"">Twitter for iPhone</a>","kendricklamar",4470,FALSE,FALSE,NA,NA
"9pm. meet me here. 8950 Sunset Blvd. 930pm. meet me here. 8466 Melrose Ave.",FALSE,8507,NA,2015-03-25 03:01:00,FALSE,NA,"580565014882422784",NA,"<a href=""http://twitter.com"" rel=""nofollow"">Twitter Web Client</a>","kendricklamar",4388,FALSE,FALSE,NA,NA
"Coming Home. http://t.co/thKH2IsLkp",FALSE,8314,NA,2015-03-20 21:27:31,FALSE,NA,"579031539029286912",NA,"<a href=""http://twitter.com"" rel=""nofollow"">Twitter Web Client</a>","kendricklamar",3883,FALSE,FALSE,NA,NA
"Apologies 2 my folks scramblin 4 physical copies of TPAB. No more delays. Officially in stock everywhere today. All is well.",FALSE,10123,NA,2015-03-20 19:52:01,FALSE,NA,"579007506485239808",NA,"<a href=""http://twitter.com"" rel=""nofollow"">Twitter Web Client</a>","kendricklamar",4939,FALSE,FALSE,NA,NA
"http://t.co/jaMCXJ7SNG",FALSE,3103,NA,2015-03-18 22:02:12,FALSE,NA,"578315493284556800",NA,"<a href=""http://twitter.com/download/iphone"" rel=""nofollow"">Twitter for iPhone</a>","kendricklamar",2065,FALSE,FALSE,NA,NA
"I Appreciate it.",FALSE,28224,NA,2015-03-18 21:53:23,FALSE,NA,"578313275101691904",NA,"<a href=""http://twitter.com/download/iphone"" rel=""nofollow"">Twitter for iPhone</a>","kendricklamar",20495,FALSE,FALSE,NA,NA
"Keep calm. All is well.",FALSE,45168,NA,2015-03-16 04:52:50,FALSE,NA,"577331666789609474",NA,"<a href=""http://twitter.com/download/iphone"" rel=""nofollow"">Twitter for iPhone</a>","kendricklamar",54676,FALSE,FALSE,NA,NA
"20 yrs. Later.",FALSE,17098,NA,2015-03-16 03:51:41,FALSE,NA,"577316278504849408",NA,"<a href=""http://twitter.com/download/iphone"" rel=""nofollow"">Twitter for iPhone</a>","kendricklamar",10879,FALSE,FALSE,NA,NA
"Yesterday. March 14th. Was a Special Day.",FALSE,15930,NA,2015-03-16 03:22:21,FALSE,NA,"577308898673106944",NA,"<a href=""http://twitter.com/download/iphone"" rel=""nofollow"">Twitter for iPhone</a>","kendricklamar",8736,FALSE,FALSE,NA,NA
"http://t.co/4D2zhfsEkf",FALSE,19490,NA,2015-03-06 22:34:15,FALSE,NA,"573974905017925632",NA,"<a href=""http://twitter.com"" rel=""nofollow"">Twitter Web Client</a>","kendricklamar",22982,FALSE,FALSE,NA,NA
"Unlock duh Shwag, Shwaa Unlock.",FALSE,19857,NA,2015-01-06 21:21:16,FALSE,NA,"552575650762993666",NA,"<a href=""http://twitter.com/download/iphone"" rel=""nofollow"">Twitter for iPhone</a>","kendricklamar",21918,FALSE,FALSE,NA,NA
"@DonArtistry nice.",FALSE,640,"DonArtistry",2014-12-24 11:14:18,FALSE,"547648549933289472","547711860401664000","24617060","<a href=""http://twitter.com/download/iphone"" rel=""nofollow"">Twitter for iPhone</a>","kendricklamar",157,FALSE,FALSE,NA,NA
"http://t.co/aP5CdlyVR4",FALSE,12559,NA,2014-12-20 03:10:08,FALSE,NA,"546140465922199552",NA,"<a href=""http://twitter.com"" rel=""nofollow"">Twitter Web Client</a>","kendricklamar",6878,FALSE,FALSE,NA,NA
"@VSattenXXL thankyou.",FALSE,445,"VSattenXXL",2014-12-17 02:04:37,FALSE,NA,"545036812855836672","16098380","<a href=""http://twitter.com/download/iphone"" rel=""nofollow"">Twitter for iPhone</a>","kendricklamar",114,FALSE,FALSE,NA,NA
"City. Corner. Block. Inspired. @reebokclassics http://t.co/gDjWSrNpe3",FALSE,3136,NA,2014-12-10 05:00:07,FALSE,NA,"542544264056418304",NA,"<a href=""http://twitter.com"" rel=""nofollow"">Twitter Web Client</a>","kendricklamar",2678,FALSE,FALSE,NA,NA
"Didn't we say LOVE yourself? They don't LOVE u. The world don't LOVE u. Worldly things don't LOVE u. The master will serve justice.",FALSE,23189,NA,2014-11-25 19:16:54,FALSE,NA,"537324064419745792",NA,"<a href=""http://twitter.com/download/iphone"" rel=""nofollow"">Twitter for iPhone</a>","kendricklamar",27178,FALSE,FALSE,NA,NA
"The Original Billy Hoyle, SNL. http://t.co/TXumEyqoT6",FALSE,5314,NA,2014-11-15 15:10:51,FALSE,NA,"533638266243645442",NA,"<a href=""http://twitter.com"" rel=""nofollow"">Twitter Web Client</a>","kendricklamar",1953,FALSE,FALSE,NA,NA
"lock ya body but can't trap ya mind http://t.co/K47TOHPQvt",FALSE,4609,NA,2014-11-04 17:00:20,FALSE,NA,"529679549793984512",NA,"<a href=""http://twitter.com"" rel=""nofollow"">Twitter Web Client</a>","kendricklamar",4995,FALSE,FALSE,NA,NA
"Yog. Big Slocum. J Dubb. Whoo Kid. Maniac. Bad News. Gmack. TuTu. Tev. Ducky. Uncle Perry. Joker. Tick. Jman1. Jman2.",FALSE,1700,NA,2014-11-04 16:52:50,FALSE,NA,"529677662210387969",NA,"<a href=""http://twitter.com"" rel=""nofollow"">Twitter Web Client</a>","kendricklamar",1147,FALSE,FALSE,NA,NA
"2 year anniversary. To all who believed. Thank you. http://t.co/xP52iVVn5f",FALSE,7914,NA,2014-10-22 20:10:04,FALSE,NA,"525016256299425792",NA,"<a href=""http://twitter.com"" rel=""nofollow"">Twitter Web Client</a>","kendricklamar",5558,FALSE,FALSE,NA,NA
"#i (LYRIC VIDEO) http://t.co/YHnL9ryjBu",FALSE,2148,NA,2014-10-10 23:18:10,FALSE,NA,"520714939963437056",NA,"<a href=""http://twitter.com"" rel=""nofollow"">Twitter Web Client</a>","kendricklamar",1661,FALSE,FALSE,NA,NA
"listen. https://t.co/nHD4tvsf6R",FALSE,1165,NA,2014-10-07 22:37:11,FALSE,NA,"519617461872640000",NA,"<a href=""http://twitter.com"" rel=""nofollow"">Twitter Web Client</a>","kendricklamar",705,FALSE,FALSE,NA,NA
"#i • http://t.co/I5rmiHsIWq http://t.co/YdfqwyVlRB",FALSE,5769,NA,2014-10-03 02:31:48,FALSE,NA,"517864567087460353",NA,"<a href=""http://twitter.com"" rel=""nofollow"">Twitter Web Client</a>","kendricklamar",3629,FALSE,FALSE,NA,NA
"i http://t.co/aiQSCvLZUi",FALSE,6505,NA,2014-09-17 16:55:13,FALSE,NA,"512283645965373440",NA,"<a href=""http://twitter.com"" rel=""nofollow"">Twitter Web Client</a>","kendricklamar",8701,FALSE,FALSE,NA,NA
"@Cosmopolitan_LV http://t.co/hYxZLyd6yJ",FALSE,200,"Cosmopolitan_LV",2014-09-07 00:29:24,FALSE,NA,"508411679416123393","138526099","<a href=""http://twitter.com"" rel=""nofollow"">Twitter Web Client</a>","kendricklamar",74,FALSE,FALSE,NA,NA
"ASCAP. I appreciate it.",FALSE,2350,NA,2014-06-27 20:33:17,FALSE,NA,"482622720308305921",NA,"<a href=""http://twitter.com/download/iphone"" rel=""nofollow"">Twitter for iPhone</a>","kendricklamar",1098,FALSE,FALSE,NA,NA
"Y'all let Ronald Isley slide out this mufuckin press room without my pic??? I'm Hott about that!!!",FALSE,575,NA,2013-06-29 00:28:10,FALSE,NA,"350772647203831809",NA,"<a href=""http://twitter.com/download/iphone"" rel=""nofollow"">Twitter for iPhone</a>","kendricklamar",634,FALSE,FALSE,NA,NA
"THANK YOU ASCAP.",FALSE,710,NA,2013-06-28 05:15:26,FALSE,NA,"350482551237914624",NA,"<a href=""http://twitter.com/download/iphone"" rel=""nofollow"">Twitter for iPhone</a>","kendricklamar",689,FALSE,FALSE,NA,NA
"Me &amp; @2teez. The Hub &amp; The Dubb..LA skate Life #80'sParty #RunThat http://t.co/jZtsg7HlaR",FALSE,1941,NA,2013-06-18 05:43:29,FALSE,NA,"346865731213881345",NA,"<a href=""http://www.apple.com"" rel=""nofollow"">iOS</a>","kendricklamar",789,FALSE,FALSE,NA,NA
"Thankyou.",FALSE,2149,NA,2013-06-17 18:49:40,FALSE,NA,"346701191339712513",NA,"<a href=""http://twitter.com/download/iphone"" rel=""nofollow"">Twitter for iPhone</a>","kendricklamar",3298,FALSE,FALSE,NA,NA
"Houston 2night",FALSE,1250,NA,2013-06-11 20:28:12,FALSE,NA,"344551663769620481",NA,"<a href=""http://www.echofon.com/"" rel=""nofollow"">Echofon</a>","kendricklamar",1649,FALSE,FALSE,NA,NA
"@OnlyHipHopFacts naw, that was the actual homie from back then. All of them. Y'all gotta dig more or they go look at y'all Krazy.",FALSE,216,"OnlyHipHopFacts",2013-06-10 04:20:14,FALSE,NA,"343945677916745728","834095274","<a href=""http://www.echofon.com/"" rel=""nofollow"">Echofon</a>","kendricklamar",188,FALSE,FALSE,NA,NA
"Hahahahahahahahaha https://t.co/W7MqQmhgMu",FALSE,16287,NA,2013-06-09 00:51:02,FALSE,NA,"343530644967669760",NA,"<a href=""http://twitter.com/download/iphone"" rel=""nofollow"">Twitter for iPhone</a>","kendricklamar",19694,FALSE,FALSE,NA,NA
"@TheRealMikeEpps yup, in yo hood.",FALSE,168,"TheRealMikeEpps",2013-06-06 18:45:21,FALSE,NA,"342713839890083840","38802447","<a href=""http://www.echofon.com/"" rel=""nofollow"">Echofon</a>","kendricklamar",135,FALSE,FALSE,NA,NA
"@JustinTDEPough ha. Definitely Lil homie.",FALSE,87,"YoSoyPapiMoncho",2013-06-06 04:10:44,FALSE,"342493155230351360","342493735201959936","985343065","<a href=""http://www.echofon.com/"" rel=""nofollow"">Echofon</a>","kendricklamar",30,FALSE,FALSE,NA,NA
"RT @OnlyHipHopFacts: Who's verse was your favorite on the U.O.E.N.O. remix ? @kendricklamar @ScHoolBoyQ @jayrock @abdashsoul ? (JAY ROCK!!)",FALSE,463,NA,2013-06-04 20:05:23,FALSE,NA,"342009205328330752",NA,"<a href=""http://www.echofon.com/"" rel=""nofollow"">Echofon</a>","kendricklamar",762,FALSE,FALSE,NA,NA
"good kid, m.A.A.d city tour. come thru. http://t.co/MPMLN6iupw",FALSE,496,NA,2013-06-02 03:49:56,FALSE,NA,"341038950254780416",NA,"<a href=""http://twitter.com"" rel=""nofollow"">Twitter Web Client</a>","kendricklamar",711,FALSE,FALSE,NA,NA
"https://t.co/wfNmFEsVeH",FALSE,3385,NA,2013-06-01 05:12:55,FALSE,NA,"340697443899416576",NA,"<a href=""http://www.echofon.com/"" rel=""nofollow"">Echofon</a>","kendricklamar",3525,FALSE,FALSE,NA,NA
"@MeekMill lol was waiting on that response... Tryna find my #Level.",FALSE,412,"MeekMill",2013-06-01 04:52:36,FALSE,"340659075161395201","340692334142431232","20567939","<a href=""http://www.echofon.com/"" rel=""nofollow"">Echofon</a>","kendricklamar",520,FALSE,FALSE,NA,NA
"Lincoln, Nebraska 2night. Tell me somethin good???",FALSE,760,NA,2013-05-28 22:23:55,FALSE,NA,"339507355492446209",NA,"<a href=""http://www.echofon.com/"" rel=""nofollow"">Echofon</a>","kendricklamar",651,FALSE,FALSE,NA,NA
"#GKMC Tour http://t.co/qsor1WxXCU http://t.co/pTa8vzdHcj",FALSE,260,NA,2013-05-17 22:36:48,FALSE,NA,"335524329867603968",NA,"<a href=""http://instagram.com"" rel=""nofollow"">Instagram</a>","kendricklamar",369,FALSE,FALSE,NA,NA
"good kid, m.A.A.d city tour. come thru. http://t.co/MPMLN6iupw",FALSE,602,NA,2013-05-17 01:09:40,FALSE,NA,"335200410312794112",NA,"<a href=""http://twitter.com"" rel=""nofollow"">Twitter Web Client</a>","kendricklamar",816,FALSE,FALSE,NA,NA
"#BDKMV extended version … #oxymoron http://t.co/zYp6moZXpj",FALSE,820,NA,2013-05-13 19:22:59,FALSE,NA,"334026003334709248",NA,"<a href=""https://about.twitter.com/products/tweetdeck"" rel=""nofollow"">TweetDeck</a>","kendricklamar",1333,FALSE,FALSE,NA,NA
"Respect thy Mother. Enjoy the day. Everyday.",FALSE,3372,NA,2013-05-12 20:06:41,FALSE,NA,"333674609981407232",NA,"<a href=""http://www.echofon.com/"" rel=""nofollow"">Echofon</a>","kendricklamar",9768,FALSE,FALSE,NA,NA
"Iowa proved me wrong. I'll Be back.",FALSE,2373,NA,2013-05-07 03:10:15,FALSE,NA,"331606878180212738",NA,"<a href=""http://www.echofon.com/"" rel=""nofollow"">Echofon</a>","kendricklamar",2273,FALSE,FALSE,NA,NA
"3rd grade ask Ms. Peters // The fuck is an IOWA // Bad outcome // 20yrs later// In IOWA // She won // Where Chance The Rapper doe?",FALSE,897,NA,2013-05-06 18:34:58,FALSE,NA,"331477204770881536",NA,"<a href=""http://www.echofon.com/"" rel=""nofollow"">Echofon</a>","kendricklamar",1122,FALSE,FALSE,NA,NA
"[NEW MERCH ALERT] Be sure to shop the only official #TDE Store NOW @ http://t.co/GpBl7L6wfU  #TDE #MERCH #GKMC",FALSE,185,NA,2013-04-30 19:57:46,FALSE,NA,"329323714258796546",NA,"<a href=""https://about.twitter.com/products/tweetdeck"" rel=""nofollow"">TweetDeck</a>","kendricklamar",172,FALSE,FALSE,NA,NA
"http://t.co/yV91Kei7XV ........Tour.",FALSE,469,NA,2013-04-28 18:58:30,FALSE,NA,"328584024710844417",NA,"<a href=""http://www.echofon.com/"" rel=""nofollow"">Echofon</a>","kendricklamar",701,FALSE,FALSE,NA,NA
"SNL//NOW.",FALSE,1265,NA,2013-01-27 04:37:09,FALSE,NA,"295389961572728833",NA,"<a href=""http://www.echofon.com/"" rel=""nofollow"">Echofon</a>","kendricklamar",2580,FALSE,FALSE,NA,NA
